,Unnamed: 0,A,B,C,Unnamed: 4
count,16.0,16.0,16.0,16.0,0.0
mean,7.5,2.5,4.16875,6.5625,
std,4.760952285695233,1.2110601416389966,6.546929942092452,9.912744322335769,
min,0.0,1.0,-1.0,-4.0,
25%,3.75,2.0,0.0,2.0,
50%,7.5,2.0,2.7,3.5,
75%,11.25,3.0,4.5,9.0,
max,15.0,5.0,20.0,25.0,
